{
  "transactions": [
  
    {
      "fromAccNo": 2553,
      "toAccNo": 2554,
      "transactionAmmount": 5000,
      "transactionDate": "2021-01-20T06:38:20.457Z",
      "transactionRemarks": "sucessfull",
      "BalanceOnDate": 44500,
      "transactionId": 2,
      "id": 2
    },
    {
      "fromAccNo": 2553,
      "toAccNo": 2555,
      "transactionAmmount": 500,
      "transactionDate": "2021-01-15T08:00:37.662Z",
      "transactionRemarks": "sucessfull",
      "BalanceOnDate": 44000,
      "transactionId": 3,
      "id": 3
    }
  ]
}